<?xml version="1.0" encoding="ascii"?>
<history><client name="pkg" version="1.122.2-56.2852"><args><arg><![CDATA[/znfs/repine/export3/UC2.0/pkg-toolkit/pkg/bin/client.py]]></arg><arg><![CDATA[install]]></arg><arg><![CDATA[mq-core]]></arg></args></client><operation end_time="20120214T030936Z" name="install" result="Succeeded" start_time="20120214T030934Z" userid="10" username="java_re"><start_state><![CDATA[UNEVALUATED:
+pkg:/mq-core@4.5.2,0-2.4:20111209T034709Z
]]></start_state><end_state><![CDATA[None -> pkg:/mq-core@4.5.2,0-2.4:20111209T034709Z
]]></end_state></operation></history>