<?xml version="1.0" encoding="ascii"?>
<history><client name="pkg" version="1.122.2-56.2852"><args><arg><![CDATA[/znfs/repine/export3/UC2.0/pkg-toolkit/pkg/bin/client.py]]></arg><arg><![CDATA[set-authority]]></arg><arg><![CDATA[-P]]></arg><arg><![CDATA[-O]]></arg><arg><![CDATA[http://localhost:16500/]]></arg><arg><![CDATA[stable.glassfish.org]]></arg></args></client><operation end_time="20120214T025006Z" name="update-publisher" result="Succeeded" start_time="20120214T025006Z" userid="10" username="java_re"/></history>