<?xml version="1.0" encoding="ascii"?>
<history><client name="pkg" version="1.122.2-56.2852"><args><arg><![CDATA[/znfs/repine/export3/UC2.0/pkg-toolkit/pkg/bin/client.py]]></arg><arg><![CDATA[install]]></arg><arg><![CDATA[glassfish-grizzly]]></arg></args></client><operation end_time="20120214T025018Z" name="install" result="Succeeded" start_time="20120214T025017Z" userid="10" username="java_re"><start_state><![CDATA[UNEVALUATED:
+pkg:/glassfish-grizzly@1.9.46,0-1:20120214T021948Z
]]></start_state><end_state><![CDATA[None -> pkg:/glassfish-grizzly@1.9.46,0-1:20120214T021948Z
]]></end_state></operation></history>