<?xml version="1.0" encoding="ascii"?>
<history><client name="pkg" version="1.122.2-56.2852"><args><arg><![CDATA[/znfs/repine/export3/UC2.0/pkg-toolkit/pkg/bin/client.py]]></arg><arg><![CDATA[install]]></arg><arg><![CDATA[glassfish-common]]></arg></args></client><operation end_time="20120214T025448Z" name="install" result="Succeeded" start_time="20120214T025446Z" userid="10" username="java_re"><start_state><![CDATA[UNEVALUATED:
+pkg:/glassfish-common@3.1.2,0-23:20120214T024504Z
]]></start_state><end_state><![CDATA[None -> pkg:/glassfish-common@3.1.2,0-23:20120214T024504Z
None -> pkg:/glassfish-corba-base@3.1.0,0-32:20120214T022154Z
]]></end_state></operation></history>