<?xml version="1.0" encoding="ascii"?>
<history><client name="pkg" version="1.122.2-56.2852"><args><arg><![CDATA[/znfs/repine/export3/UC2.0/pkg-toolkit/pkg/bin/client.py]]></arg><arg><![CDATA[install]]></arg><arg><![CDATA[mq-server]]></arg></args></client><operation end_time="20120214T030939Z" name="install" result="Succeeded" start_time="20120214T030937Z" userid="10" username="java_re"><start_state><![CDATA[UNEVALUATED:
+pkg:/mq-server@4.5.2,0-2.4:20111209T034721Z
]]></start_state><end_state><![CDATA[None -> pkg:/mq-server@4.5.2,0-2.4:20111209T034721Z
None -> pkg:/mq-bin-sh@4.5.2,0-2.4:20111209T034717Z
]]></end_state></operation></history>