<?xml version="1.0" encoding="ascii"?>
<history><client name="pkg" version="1.122.2-56.2852"><args><arg><![CDATA[/znfs/repine/export3/UC2.0/pkg-toolkit/pkg/bin/client.py]]></arg><arg><![CDATA[install]]></arg><arg><![CDATA[glassfish-javahelp]]></arg></args></client><operation end_time="20120214T030340Z" name="install" result="Succeeded" start_time="20120214T030339Z" userid="10" username="java_re"><start_state><![CDATA[UNEVALUATED:
+pkg:/glassfish-javahelp@2.0.2,0-1:20120214T022508Z
]]></start_state><end_state><![CDATA[None -> pkg:/glassfish-javahelp@2.0.2,0-1:20120214T022508Z
]]></end_state></operation></history>