<?xml version="1.0" encoding="ascii"?>
<history><client name="pkg" version="1.122.2-56.2852"><args><arg><![CDATA[/znfs/repine/export3/UC2.0/pkg-toolkit/pkg/bin/client.py]]></arg><arg><![CDATA[install]]></arg><arg><![CDATA[glassfish-nucleus]]></arg></args></client><operation end_time="20120214T025020Z" name="install" result="Succeeded" start_time="20120214T025019Z" userid="10" username="java_re"><start_state><![CDATA[UNEVALUATED:
+pkg:/glassfish-nucleus@3.1.2,0-23:20120214T022057Z
]]></start_state><end_state><![CDATA[None -> pkg:/glassfish-nucleus@3.1.2,0-23:20120214T022057Z
]]></end_state></operation></history>