<?xml version="1.0" encoding="ascii"?>
<history><client name="pkg" version="1.122.2-56.2852"><args><arg><![CDATA[/znfs/repine/export3/UC2.0/pkg-toolkit/pkg/bin/client.py]]></arg><arg><![CDATA[install]]></arg><arg><![CDATA[pkg-java]]></arg></args></client><operation end_time="20120214T025022Z" name="install" result="Succeeded" start_time="20120214T025021Z" userid="10" username="java_re"><start_state><![CDATA[UNEVALUATED:
+pkg:/pkg-java@1.122,0-56.2852:20111207T210529Z
]]></start_state><end_state><![CDATA[None -> pkg:/pkg-java@1.122,0-56.2852:20111207T210529Z
]]></end_state></operation></history>