<?xml version="1.0" encoding="ascii"?>
<history><client name="pkg" version="1.122.2-56.2852"><args><arg><![CDATA[/znfs/repine/export3/UC2.0/pkg-toolkit/pkg/bin/client.py]]></arg><arg><![CDATA[install]]></arg><arg><![CDATA[glassfish-ejb]]></arg></args></client><operation end_time="20120214T030922Z" name="install" result="Succeeded" start_time="20120214T030921Z" userid="10" username="java_re"><start_state><![CDATA[UNEVALUATED:
+pkg:/glassfish-ejb@3.1.2,0-23:20120214T023434Z
]]></start_state><end_state><![CDATA[None -> pkg:/glassfish-ejb@3.1.2,0-23:20120214T023434Z
None -> pkg:/glassfish-corba@3.1.0,0-32:20120214T022806Z
]]></end_state></operation></history>