<?xml version="1.0" encoding="ascii"?>
<history><client name="pkg" version="1.122.2-56.2852"><args><arg><![CDATA[/znfs/repine/export3/UC2.0/pkg-toolkit/pkg/bin/client.py]]></arg><arg><![CDATA[install]]></arg><arg><![CDATA[felix]]></arg></args></client><operation end_time="20120214T025014Z" name="install" result="Succeeded" start_time="20120214T025014Z" userid="10" username="java_re"><start_state><![CDATA[UNEVALUATED:
+pkg:/felix@4.0.2,0-0:20120214T021838Z
]]></start_state><end_state><![CDATA[None -> pkg:/felix@4.0.2,0-0:20120214T021838Z
]]></end_state></operation></history>